prediction,asphalt,concrete,concrete_plates,grass,ground,paving_stones,sett,filename
asphalt,0.1772141009569168,0.13198867440223694,0.14988765120506287,0.15229617059230804,0.14460453391075134,0.11191711574792862,0.1320916712284088,0135cb28457e6cacc28f109f816791af.png
asphalt,0.23942796885967255,0.10927150398492813,0.1358395218849182,0.11798211187124252,0.12194417417049408,0.10092966258525848,0.17460496723651886,024ab141bc3fd53d26d089a2e8e9b2df.png
sett,0.14705881476402283,0.10219276696443558,0.16807740926742554,0.11270590126514435,0.11125116050243378,0.14632630348205566,0.21238771080970764,032b20802a2fff0cf2860e7872421b82.png
sett,0.13713398575782776,0.10543754696846008,0.1560772806406021,0.12254927307367325,0.14354513585567474,0.1516525000333786,0.18360430002212524,03b5a2b6fafd824d338d324dbfa57dec.png
sett,0.1388961672782898,0.1018933430314064,0.15341885387897491,0.12472208589315414,0.14150260388851166,0.13567227125167847,0.20389465987682343,041dee3a72c9444ee8ce2aa830355429.png
sett,0.16004928946495056,0.11826249957084656,0.1551503688097,0.12581081688404083,0.11454346776008606,0.10585811734199524,0.2203254997730255,044bcc56c7cfd2b195bbcb277a7c7200.png
sett,0.1551898568868637,0.11182930320501328,0.15560796856880188,0.1280849277973175,0.13006116449832916,0.11665603518486023,0.20257073640823364,05f9b28148dbf3c884ad2b7b772b3948.png
asphalt,0.2047387808561325,0.14164422452449799,0.13456520438194275,0.14048056304454803,0.1496867686510086,0.11606601625680923,0.1128183901309967,062d51629ae5ee8ab6655f04dab8bc8d.png
sett,0.16295532882213593,0.12773245573043823,0.1553407460451126,0.1325153410434723,0.10771404951810837,0.08462804555892944,0.22911401093006134,07d18265388934b88ffc8fca6bcaa8a6.png
sett,0.10258316248655319,0.09040502458810806,0.16049650311470032,0.1215248554944992,0.16975893080234528,0.16230401396751404,0.1929274946451187,0afe06ac88ac6a32afc52029da255aa7.png
concrete,0.15662221610546112,0.1838347613811493,0.10594615340232849,0.17845673859119415,0.1831197589635849,0.0978972315788269,0.09412311762571335,0b008a312cf9775b1f7070be13bb12a6.png
ground,0.1341303288936615,0.1797892302274704,0.09685894101858139,0.19069379568099976,0.21783703565597534,0.09616363048553467,0.08452711999416351,0b0fdc5c9f389c902943563ea03e6c95.png
sett,0.12962132692337036,0.10245446115732193,0.14438970386981964,0.12604524195194244,0.15513384342193604,0.15501412749290466,0.18734128773212433,0bcae21194420e55aaecdf7b66814ba3.JPG
sett,0.13467366993427277,0.10266251116991043,0.15921339392662048,0.11616584658622742,0.13553956151008606,0.1592572182416916,0.19248780608177185,0be7e502290a34ecc0a1c4e4feb8167b.png
asphalt,0.1857019066810608,0.09842830896377563,0.14017702639102936,0.11171748489141464,0.16882479190826416,0.1367325782775879,0.1584179401397705,0ca0bb35e82508eec9715cf9975a0c1a.png
asphalt,0.19694416224956512,0.1323060393333435,0.147732675075531,0.135389044880867,0.15135140717029572,0.1153341755270958,0.12094242125749588,0cb5601b620244a8374d3792aee989b1.png
sett,0.12496478855609894,0.09590364247560501,0.1646542102098465,0.10725974291563034,0.1292078197002411,0.18886519968509674,0.18914459645748138,0cebef86bec36e1b827d52f317456d3f.png
sett,0.17151322960853577,0.12549243867397308,0.144737109541893,0.13241007924079895,0.10897888988256454,0.07605103403329849,0.24081717431545258,0f8d670ac111e4e2fdbdd0fc7f41dbcf.png
asphalt,0.20883624255657196,0.1552318036556244,0.16599442064762115,0.13925676047801971,0.10841772705316544,0.09748772531747818,0.12477520853281021,0faf86e65cfe486314bfc1bc68fb69e9.png
sett,0.15276576578617096,0.11753559112548828,0.14598432183265686,0.12503689527511597,0.10339793562889099,0.0917457863688469,0.26353368163108826,107f377d6c484ce23a7ebf63e4d0fb60.png
sett,0.1829858124256134,0.11629693955183029,0.15335127711296082,0.12231244891881943,0.10435157269239426,0.09455979615449905,0.22614212334156036,10aeafab422c2984550f6276f6b582c8.png
sett,0.14836879074573517,0.11916980147361755,0.14841242134571075,0.1272275298833847,0.12481008470058441,0.11290619522333145,0.21910519897937775,136756aad97efec0a8f3b0861e6fb967.png
concrete,0.1609898954629898,0.1846458613872528,0.11142385751008987,0.17395944893360138,0.1702723503112793,0.1008681207895279,0.09784053266048431,13e6ccc47636049f9b123e1e6ed4ec5e.png
sett,0.13819247484207153,0.10226772725582123,0.14866195619106293,0.11583924293518066,0.13100746273994446,0.14985591173171997,0.2141752690076828,1497ebc23cbe27639a1698a1aec94b08.png
asphalt,0.2086779922246933,0.14631211757659912,0.17695443332195282,0.13206185400485992,0.1028401255607605,0.09646084904670715,0.13669268786907196,14a3cec5a5e9d1d40052bcbe68ad24dc.png
sett,0.12436830252408981,0.0965389683842659,0.1628859043121338,0.10815740376710892,0.13112232089042664,0.1869359165430069,0.18999111652374268,14f5819b908ef2c98b492711135de947.png
sett,0.14895865321159363,0.11956130713224411,0.14672942459583282,0.13101713359355927,0.12733684480190277,0.11590657383203506,0.21049001812934875,1508b5b570b819ac0d00aa951f876f50.png
ground,0.11148761957883835,0.16900841891765594,0.09215511381626129,0.191410630941391,0.2377958446741104,0.1143949031829834,0.0837475061416626,151ebc2ff43c9026236c7bde03c62b99.png
grass,0.14020058512687683,0.13311442732810974,0.10991185903549194,0.19738870859146118,0.17854218184947968,0.12501563131809235,0.11582664400339127,16d2a4bdddc619910981413392c2c012.jpg
ground,0.12699097394943237,0.10310284048318863,0.09265591204166412,0.13471391797065735,0.23703397810459137,0.17146112024784088,0.13404124975204468,16f23ff6439726d13fd4e0d62db797bf.png
concrete_plates,0.11956486850976944,0.1637960821390152,0.19708172976970673,0.15115612745285034,0.1146780401468277,0.11931537836790085,0.13440780341625214,1bc9725bac2e8d2a8b19cca20c8f6303.png
ground,0.07403937727212906,0.12730509042739868,0.10371033847332001,0.19152720272541046,0.2260286808013916,0.1819554716348648,0.09543382376432419,1c9acd79969c667e23a843d335fd3171.png
sett,0.09172537922859192,0.09882279485464096,0.1527942568063736,0.13375328481197357,0.15210168063640594,0.17155200242996216,0.19925057888031006,1d26d13133a38990a0c501813f034622.jpg
sett,0.15461091697216034,0.12455440312623978,0.17459245026111603,0.1377658247947693,0.1210484579205513,0.09878673404455185,0.18864117562770844,1d316c2fb5b8aa35006158d9efaf3030.png
asphalt,0.23307186365127563,0.10791543126106262,0.12922342121601105,0.12038055062294006,0.1498660147190094,0.1073293462395668,0.15221333503723145,1df1b355306b13b1fdb2c0eafa3442eb.png
sett,0.11671218276023865,0.1082514077425003,0.14843101799488068,0.13100534677505493,0.1401638239622116,0.15102481842041016,0.20441140234470367,1f18ea62abe3e03a09e72b3e5c8a6dc3.png
paving_stones,0.12347738444805145,0.09688496589660645,0.16436314582824707,0.1082417368888855,0.13168784976005554,0.1891162395477295,0.1862286478281021,1f5c9141c0c7d11e2d2e9375fca826db.png
sett,0.15538103878498077,0.12749561667442322,0.15055206418037415,0.1336314082145691,0.111304871737957,0.07997298985719681,0.24166199564933777,1f6b946f6753e2188f7d46ddf2ee6523.png
sett,0.1487918198108673,0.10574010014533997,0.15545135736465454,0.12074349075555801,0.11999858915805817,0.12954136729240417,0.21973328292369843,22a025baa5ebe78d271bff49099981b5.png
sett,0.1577439308166504,0.11140859127044678,0.15105809271335602,0.12446693331003189,0.11619759351015091,0.10782210528850555,0.23130278289318085,235a7461765a9e3041b0e79ae884b20e.png
ground,0.144156813621521,0.15304429829120636,0.10227382183074951,0.18775436282157898,0.1971946358680725,0.11924875527620316,0.09632733464241028,2458da86ee39cf5c7374bb5b54f7c49c.png
concrete,0.15507423877716064,0.18106693029403687,0.11952202022075653,0.17352181673049927,0.17037907242774963,0.10413175821304321,0.09630417823791504,257df4a028089ce0b0a9d84a16c257c1.png
paving_stones,0.13053330779075623,0.09404966980218887,0.1694890707731247,0.09678834676742554,0.11226771771907806,0.2099103182554245,0.18696162104606628,261c1a20c2433f65ea970ae534ad8749.png
sett,0.14786817133426666,0.11214495450258255,0.15360333025455475,0.12754429876804352,0.128191739320755,0.11799901723861694,0.21264849603176117,26a3766ca3ce475b99a7088bf587e1a7.png
sett,0.13216863572597504,0.10144727677106857,0.16197049617767334,0.11809153854846954,0.14237244427204132,0.16416198015213013,0.17978762090206146,27eb4929c08e015e64769e45795e8af5.png
ground,0.14114148914813995,0.16174599528312683,0.09496156871318817,0.169988751411438,0.20280763506889343,0.12409111857414246,0.10526344925165176,283647733f02a41619761692f67fcfaf.jpg
ground,0.1302935928106308,0.17538483440876007,0.10167333483695984,0.19150489568710327,0.2211209237575531,0.09739107638597488,0.0826314240694046,29b32fafe9e57a511273bd417f1ec945.png
paving_stones,0.12052453309297562,0.0957300141453743,0.16031669080257416,0.10967453569173813,0.13586166501045227,0.19429738819599152,0.18359515070915222,2a8b96443c846c98208be12bf8bb52fd.jpg
sett,0.1242242306470871,0.09725063294172287,0.15209637582302094,0.1152762696146965,0.14069007337093353,0.16223569214344025,0.20822671055793762,2b6d02a2d35bd943a7edfa8cbc05a668.png
ground,0.12915685772895813,0.17698954045772552,0.09695641696453094,0.19192510843276978,0.22256532311439514,0.09855478256940842,0.08385198563337326,2c56e76c5c65aaa952f8a8a8172b66ab.png
asphalt,0.20738005638122559,0.15700258314609528,0.16129592061042786,0.1423741728067398,0.1140241026878357,0.09895525872707367,0.1189679354429245,2cc3081370abcf794ace4c38aa898e28.png
sett,0.1747090369462967,0.1139296442270279,0.14778880774974823,0.1253507286310196,0.1114499568939209,0.09647426009178162,0.2302975356578827,2d1a146e77b105a75bf12ff6877bf327.png
asphalt,0.19834041595458984,0.1733885109424591,0.14513330161571503,0.15596099197864532,0.1280495524406433,0.09285558015108109,0.10627159476280212,2d5bbbae5b28efa72427b8ec4a275d8f.png
grass,0.12993474304676056,0.17433185875415802,0.1211259514093399,0.17705032229423523,0.17665955424308777,0.12210629880428314,0.09879127889871597,2dad72eda6f8e9348f30a33ce485b95b.png
sett,0.139325350522995,0.10595431178808212,0.15924319624900818,0.12145712971687317,0.14143797755241394,0.14975257217884064,0.18282945454120636,2fe17808998400f748115481d419be89.png
sett,0.1382419317960739,0.12016267329454422,0.13742104172706604,0.12842229008674622,0.12703821063041687,0.10840864479541779,0.24030521512031555,2fe759c2ab60152267789dd6a39616d0.png
sett,0.16169174015522003,0.1275637447834015,0.14268948137760162,0.13250689208507538,0.10876544564962387,0.0731116458773613,0.25367113947868347,31abd3da2c58ad8691dbe90e43b997f9.png
asphalt,0.19511261582374573,0.17301635444164276,0.1494571715593338,0.15115775167942047,0.12708590924739838,0.09734176099300385,0.10682836174964905,3248a4ce83e3f5003f7971def3d970e1.png
ground,0.15785400569438934,0.18427886068820953,0.0983085036277771,0.18406815826892853,0.1911923736333847,0.09174796938896179,0.0925501212477684,3272e6e51509e541a98e13a7f65a8ea6.png
sett,0.11521967500448227,0.13497109711170197,0.14191150665283203,0.15184521675109863,0.14602448046207428,0.09875311702489853,0.21127493679523468,33f2fec63b179450305f70af89c478b1.png
paving_stones,0.1265084147453308,0.09325540065765381,0.16939929127693176,0.09939471632242203,0.12093803286552429,0.2077515721321106,0.1827526092529297,3407c3fe0b04bd0ea2b0e5577e6519e1.png
asphalt,0.20734579861164093,0.14411237835884094,0.1782122701406479,0.12965472042560577,0.09978754073381424,0.09928874671459198,0.14159849286079407,348a045351f14c42ff9dbb563f93c008.png
sett,0.17158809304237366,0.11766739934682846,0.14064256846904755,0.12411750108003616,0.10884865373373032,0.08856356889009476,0.24857214093208313,3524fa87364c15d4e3e4c547744784f1.png
sett,0.1519421637058258,0.11582770943641663,0.154118150472641,0.13325318694114685,0.12898953258991241,0.12363966554403305,0.19222956895828247,3577ad93bd97d981d595283ac0b70eed.png
sett,0.1315649151802063,0.10048037767410278,0.15309429168701172,0.11403120309114456,0.1368236094713211,0.17111466825008392,0.1928909420967102,35855e68dcaa9f9da6679d4ddb88ed30.png
sett,0.14109620451927185,0.1225011795759201,0.12856030464172363,0.1370086520910263,0.13102084398269653,0.0993724837899208,0.24044041335582733,35b25f854597c418a4e065c6d96beea7.png
paving_stones,0.1341174989938736,0.09507298469543457,0.1696399450302124,0.09954749047756195,0.11331461369991302,0.19856329262256622,0.18974418938159943,35be871eea6fdd20429be29fa36b88ec.png
concrete_plates,0.16909781098365784,0.13817451894283295,0.19247734546661377,0.13418357074260712,0.12057743966579437,0.1112167239189148,0.13427263498306274,36861e09240acc164ce9b2d0c062041e.png
paving_stones,0.062134794890880585,0.10046811401844025,0.14280195534229279,0.15293090045452118,0.18121427297592163,0.2070924937725067,0.15335753560066223,370e0fc47808f07123d1490f9d47dfea.png
sett,0.11847111582756042,0.1012941524386406,0.15347307920455933,0.11965595185756683,0.1469123661518097,0.16400492191314697,0.19618842005729675,3725388c4edb8c17a8823e21f0a1e0d1.jpg
concrete_plates,0.18537145853042603,0.14026905596256256,0.20764033496379852,0.1216871440410614,0.09374766796827316,0.10938264429569244,0.1419016569852829,37cba9bd3ad23cfe2866d60d08f99d37.png
sett,0.12614011764526367,0.13085763156414032,0.14182360470294952,0.13364946842193604,0.12087864428758621,0.0841955840587616,0.26245492696762085,38693a99724a698abd11e24ceec6d318.png
sett,0.1341286301612854,0.10216011106967926,0.1625051200389862,0.11681248992681503,0.13892066478729248,0.16195808351039886,0.18351492285728455,38ba40aac390514917e4b23fef180862.png
sett,0.15229904651641846,0.11011198163032532,0.1491832584142685,0.12507964670658112,0.11433614045381546,0.11167940497398376,0.23731057345867157,39adf1fa48abd5af25e6f8cfec97489b.png
sett,0.13564492762088776,0.10159970074892044,0.1531178504228592,0.11652062833309174,0.13429473340511322,0.14999428391456604,0.2088279277086258,3ab4d94c717b8eeee9396ac1ad0760d3.png
sett,0.165080264210701,0.12337937206029892,0.14226558804512024,0.13211694359779358,0.10586518794298172,0.07629165798425674,0.2550009787082672,3b0cd7dfee1bf3e85903147dba5d17b2.png
paving_stones,0.12340738624334335,0.09730493277311325,0.14788520336151123,0.10762198269367218,0.13686136901378632,0.1998942345380783,0.18702493607997894,3b58ca1218ead2ac53f3f42e81ed7312.jpg
ground,0.12077445536851883,0.172105073928833,0.09688696265220642,0.19252783060073853,0.22988806664943695,0.10510698705911636,0.08271066844463348,3bdc19887da15d879fab0375e96b4bb6.png
sett,0.10264667123556137,0.11657873541116714,0.13332730531692505,0.1367526352405548,0.1595832258462906,0.16601775586605072,0.18509365618228912,3c1630e811334a2edf2942a56d306d9c.jpg
asphalt,0.20714911818504333,0.15979768335819244,0.17559963464736938,0.1351630538702011,0.1048605889081955,0.10063083469867706,0.11679906398057938,3c1ddad89c69a71f5e4b2c91638e9e0a.png
sett,0.13549427688121796,0.1015312522649765,0.16411460936069489,0.1158815249800682,0.13670744001865387,0.16420526802539825,0.18206565082073212,3d06828cf6ea5aba33f0ddc6c6dabff2.png
paving_stones,0.1127520501613617,0.10103341192007065,0.1553056538105011,0.11726604402065277,0.15331202745437622,0.19076450169086456,0.16956636309623718,3d98406f3fa316718761e84596379119.png
sett,0.10878047347068787,0.10375458747148514,0.14888285100460052,0.12495344132184982,0.15324775874614716,0.17616310715675354,0.18421781063079834,3e08ff1762827128896d7be39d51434e.png
ground,0.07151515781879425,0.09934666007757187,0.1322241574525833,0.14400924742221832,0.21859940886497498,0.19760499894618988,0.13670037686824799,3e7d3c6d42d14766cafe28d08bf15375.jpeg
sett,0.1439627856016159,0.1034209281206131,0.16212111711502075,0.11362672597169876,0.11006439477205276,0.1427852064371109,0.2240188717842102,3ebd3a583ebb7f0f480243978e076e88.png
ground,0.1370115578174591,0.17852862179279327,0.08840121328830719,0.18871286511421204,0.22183957695960999,0.1002703458070755,0.08523588627576828,3ee78d2fa44c8cc418e1976eaab96fe6.png
sett,0.14917202293872833,0.10888893902301788,0.1627320498228073,0.12261734902858734,0.11722827702760696,0.11919770389795303,0.22016359865665436,4016b10f612e887c3406e825e95f0f40.png
paving_stones,0.10481245815753937,0.10388204455375671,0.13885648548603058,0.1329209804534912,0.16865451633930206,0.19284486770629883,0.15802867710590363,41303dfff4b5df65e19951510caa88b3.png
sett,0.16680599749088287,0.1126357764005661,0.14165306091308594,0.12392303347587585,0.11147509515285492,0.0953562930226326,0.2481507807970047,41a3ff75ee5a8c86a5e9aee6fd9664d6.png
asphalt,0.1949755698442459,0.17010372877120972,0.13453592360019684,0.1608739197254181,0.14000120759010315,0.0927828848361969,0.10672678053379059,430f3030a759f210063d82b8667a4525.png
sett,0.13196982443332672,0.09947551786899567,0.16512569785118103,0.11298546940088272,0.13521645963191986,0.17192426323890686,0.18330277502536774,43a8212e650f098c7eb8b887b66220ab.png
asphalt,0.2200683355331421,0.10295568406581879,0.14426182210445404,0.1151624247431755,0.15044690668582916,0.11982143670320511,0.1472833901643753,459091fde382a0b1dd5329d0b9cf8453.png
paving_stones,0.11536592245101929,0.10031693428754807,0.15067921578884125,0.1223607137799263,0.15691542625427246,0.18459868431091309,0.16976307332515717,45ea2b2922ce3795f82c5025171948b0.jpg
ground,0.1496995985507965,0.1846671849489212,0.09653005003929138,0.18499964475631714,0.2030845284461975,0.09434973448514938,0.08666926622390747,46f175fe6e415498ef6c2ebb63e59d38.png
grass,0.10378424823284149,0.15369322896003723,0.13921068608760834,0.16671353578567505,0.15452173352241516,0.16456939280033112,0.11750722676515579,47268f136621236a5a334da60e0a79e2.png
paving_stones,0.12088239192962646,0.09159970283508301,0.16947588324546814,0.09211888909339905,0.12044522166252136,0.24598395824432373,0.15949393808841705,4766f8c5370ab1353d17c1e9c690cb0d.png
concrete,0.1688603162765503,0.1828436553478241,0.12042646110057831,0.16917791962623596,0.1582120954990387,0.10154912620782852,0.09893042594194412,478111c4f34de7ddd07a78f89f8dda3f.png
sett,0.1256859004497528,0.09827803075313568,0.14480085670948029,0.11518675833940506,0.15437008440494537,0.17497551441192627,0.18670286238193512,488520c70128f88f5efcca9954284885.png
concrete,0.15389865636825562,0.1789187341928482,0.121335469186306,0.17607027292251587,0.16993480920791626,0.10193058103322983,0.097911536693573,48fed4d4b42b32bef97a80f3a8c57953.png
sett,0.1505948156118393,0.1150110512971878,0.14844563603401184,0.12452592700719833,0.10696649551391602,0.10134065896272659,0.2531154453754425,491eb63147fc1204f349d917571fd23c.png
sett,0.1653960794210434,0.12374833971261978,0.13474248349666595,0.13199910521507263,0.10865932703018188,0.07299099117517471,0.26246362924575806,4a7d71311a2271527d1726f701cb57c0.png
sett,0.15492424368858337,0.12404361367225647,0.14292727410793304,0.1296205073595047,0.10177984833717346,0.07859557121992111,0.26810887455940247,4b7add7c66d484bf8be7d3f319380178.png
concrete,0.1572122424840927,0.18589471280574799,0.1065150797367096,0.1817413717508316,0.18278539180755615,0.09288498014211655,0.09296621382236481,4ebcc987824590b62e3edb9a1859e006.png
sett,0.12107142806053162,0.10298188775777817,0.12951499223709106,0.13051612675189972,0.168769970536232,0.1409854292869568,0.20616017282009125,4f83fe3b7d72f7a077d4d7a7018bcf5b.png
sett,0.1500549614429474,0.10941474884748459,0.15221448242664337,0.12123385816812515,0.10628807544708252,0.11481788754463196,0.2459760308265686,4fb04abdeb1af2540ccffa6b1a852dd8.png
grass,0.10197808593511581,0.16645364463329315,0.1331736147403717,0.17423273622989655,0.17129985988140106,0.14461305737495422,0.10824895650148392,4fdaf37729d945cd99c547a4bf82d60d.png
asphalt,0.20184488594532013,0.17361383140087128,0.12804648280143738,0.16155347228050232,0.13820776343345642,0.09012417495250702,0.10660937428474426,4fe8a087b160da00f0747f5237703345.png
sett,0.1414569467306137,0.1156204491853714,0.11751467734575272,0.13490711152553558,0.14084342122077942,0.10026799887418747,0.2493894100189209,5073848ff6c7df5b6ad1516dd8d0cac1.png
concrete_plates,0.1747674196958542,0.130793496966362,0.19806501269340515,0.12051253020763397,0.09700126945972443,0.10034745186567307,0.1785127967596054,508decd8e5f1b517fd9627fc8be2fc3a.png
sett,0.1509154886007309,0.11628047376871109,0.15000475943088531,0.12913180887699127,0.1261279284954071,0.11362466216087341,0.2139149010181427,518b315ce280ec25408e40df17daec98.png
concrete,0.15974949300289154,0.186129629611969,0.10356886684894562,0.1780959963798523,0.18306222558021545,0.09691102057695389,0.09248282015323639,5258f9468ac52b5f831bf00e914c36ab.png
sett,0.15168870985507965,0.10842695832252502,0.14092552661895752,0.1227777749300003,0.11446947604417801,0.11208996921777725,0.24962155520915985,52efb72e69a1fc104dd9fb9556131a54.png
asphalt,0.19851058721542358,0.16415993869304657,0.1492362767457962,0.14986467361450195,0.1337074190378189,0.0982774868607521,0.1062435433268547,531e1849f0e047e04a69dd022e7a9f63.png
sett,0.20398356020450592,0.11370101571083069,0.13185641169548035,0.12446117401123047,0.11093321442604065,0.07917550206184387,0.23588912189006805,5345f880179078712450f51d6071bacf.png
concrete,0.1603957712650299,0.18428517878055573,0.1086932048201561,0.1794123351573944,0.17854507267475128,0.0941247045993805,0.0945436879992485,538121bcea1befae405d9f6bb026dead.png
paving_stones,0.11727356910705566,0.09373220056295395,0.16549403965473175,0.10408731549978256,0.13633617758750916,0.2148662805557251,0.16821043193340302,53957be6524fabda105fadc758263534.png
ground,0.1179676428437233,0.17498645186424255,0.08877034485340118,0.19042623043060303,0.2284511923789978,0.11063467711210251,0.08876344561576843,53c16e902d5201873071a603ebb1530f.png
ground,0.16081449389457703,0.1850081831216812,0.1024584099650383,0.18219606578350067,0.18623508512973785,0.09069077670574188,0.09259703755378723,549d659d0d953f719802509e5c5d6e42.png
paving_stones,0.08146538585424423,0.1011645570397377,0.15578103065490723,0.15363137423992157,0.1645289957523346,0.17960098385810852,0.16382764279842377,552a3358f74dface09931bfddb6e4130.png
grass,0.12024019658565521,0.13592131435871124,0.11756878346204758,0.21122175455093384,0.18286535143852234,0.13622748851776123,0.09595517814159393,55c6fb6e17ee61344eaf44cc43ae1ee5.jpg
asphalt,0.19204427301883698,0.16484643518924713,0.16065077483654022,0.14737313985824585,0.12409455329179764,0.10170818120241165,0.10928267985582352,5774db2a1bb79c09581ec1f57738227b.png
ground,0.12342290580272675,0.17485973238945007,0.10629568248987198,0.17645078897476196,0.19669507443904877,0.12328844517469406,0.0989873930811882,58f7987ca15f561e246a9c7b615deb44.png
ground,0.16554541885852814,0.18120475113391876,0.09586648643016815,0.1742882877588272,0.1891925185918808,0.10213296860456467,0.09176960587501526,59a16774840578d31dd2ac358b2af295.png
sett,0.13876141607761383,0.09794778376817703,0.1624925285577774,0.10527968406677246,0.11498086899518967,0.1736994832754135,0.2068382054567337,59e24162e3c7068a62e0502c359ce9d1.png
ground,0.15356357395648956,0.17644916474819183,0.10184171050786972,0.1694202721118927,0.18455873429775238,0.11528675258159637,0.09887979179620743,5a1a57581b0eaf123ba29f375855e387.png
sett,0.13436239957809448,0.0906255841255188,0.15308475494384766,0.12514397501945496,0.16183653473854065,0.1126633733510971,0.22228339314460754,5ac6519592419ac9f506e75371cd1e25.png
sett,0.16789844632148743,0.11176104098558426,0.14493919909000397,0.12527349591255188,0.1126033142209053,0.09377364069223404,0.24375081062316895,5ad019ce127005942374dee3e10ec039.png
sett,0.13334520161151886,0.10219749808311462,0.14284318685531616,0.11665727198123932,0.13134555518627167,0.14851507544517517,0.2250962257385254,5c34eabe4214c22e272125f38fbb70d8.png
asphalt,0.2070225179195404,0.14506669342517853,0.12815465033054352,0.14977574348449707,0.15649549663066864,0.10554558783769608,0.10793928802013397,5d2c83beec13bc35c2c36377926ef996.png
paving_stones,0.06930337846279144,0.1182517409324646,0.0954306423664093,0.16242821514606476,0.2024320363998413,0.20507624745368958,0.14707767963409424,5d65122e9a6263763c9c65363eb0fa43.png
sett,0.1589428186416626,0.12168478220701218,0.14082661271095276,0.12864823639392853,0.0996217131614685,0.07524482160806656,0.27503103017807007,5d841c3e8e03fac069437ad1956cab7e.png
sett,0.1302303969860077,0.09995332360267639,0.16297054290771484,0.11407285183668137,0.13776087760925293,0.17199000716209412,0.18302203714847565,5e637f469b2b1a204528ab154bd99e68.png
paving_stones,0.06913205236196518,0.11347493529319763,0.10567581653594971,0.16457180678844452,0.1866944432258606,0.19064505398273468,0.16980595886707306,5e79c2d007d25ecf75f5fca33302374b.png
asphalt,0.1896131932735443,0.13076670467853546,0.14165329933166504,0.14602868258953094,0.14730486273765564,0.1143803521990776,0.130252867937088,6042ca74d4ab9e3ee3235beae456a2e8.png
ground,0.07070880383253098,0.10670379549264908,0.09789034724235535,0.14642150700092316,0.2265995442867279,0.20170995593070984,0.1499660462141037,60aadae32a1e163fa75c908c9a5e34f1.png
asphalt,0.21938841044902802,0.14268630743026733,0.16500261425971985,0.1319093257188797,0.10131582617759705,0.08999458700418472,0.14970293641090393,60cac22862e7b7b2bbea9fdc62942638.png
sett,0.13501998782157898,0.10053429752588272,0.1639750748872757,0.11557634174823761,0.13705550134181976,0.16548572480678558,0.18235301971435547,6114a9c65061f24487e8292e485489ce.png
sett,0.1497637927532196,0.13043488562107086,0.13592961430549622,0.1344831883907318,0.11348442733287811,0.07398971915245056,0.26191434264183044,613e22205dabb840a3fe7b29bc16d2f2.png
sett,0.09736379235982895,0.10615036636590958,0.13511933386325836,0.1318025439977646,0.15126873552799225,0.1790619045495987,0.19923336803913116,6198bd9d94afb5776a29ee4402e9f2e2.png
asphalt,0.2199760526418686,0.14555445313453674,0.16587305068969727,0.13040786981582642,0.09927868098020554,0.08912108093500137,0.14978881180286407,62614d6a48799d4cc2cebd00136d83f4.png
sett,0.08954532444477081,0.0998835414648056,0.13259729743003845,0.13100160658359528,0.16227887570858002,0.17586296796798706,0.20883038640022278,63154220325cdfba07d94e4e57d177ec.JPG
sett,0.14602960646152496,0.09995601326227188,0.1262209117412567,0.12677526473999023,0.1396952122449875,0.12914302945137024,0.23218001425266266,640231ed44f740cb9bc6ef511654cbe4.jpg
ground,0.15639585256576538,0.1115885004401207,0.09991156309843063,0.1320713460445404,0.21521757543087006,0.15118877589702606,0.13362640142440796,640925d7959e895135e27a2578742201.png
sett,0.15146446228027344,0.10878102481365204,0.15799568593502045,0.12254348397254944,0.12009962648153305,0.11874298006296158,0.22037273645401,649bdd32550839d8103e2177d1651b1d.png
sett,0.136724591255188,0.10639838129281998,0.15757447481155396,0.11933573335409164,0.12663409113883972,0.1330907791852951,0.220241978764534,66566e214b87c750febc4240cd99d0b0.png
paving_stones,0.1317826509475708,0.09576737135648727,0.17133845388889313,0.10500027984380722,0.1231444701552391,0.1879950761795044,0.18497177958488464,66fc13667afad3e8be1cf5d50a346699.png
paving_stones,0.11041048914194107,0.09252333641052246,0.1602167785167694,0.10605309903621674,0.1500554382801056,0.2241160273551941,0.15662483870983124,671c46e8a90367dcbb9d7d3eea4b71f7.png
ground,0.13544973731040955,0.17871275544166565,0.09417276084423065,0.1896824985742569,0.2208990603685379,0.09769915789365768,0.08338406682014465,674086d91d1029280b9553ad3899b51f.png
paving_stones,0.09970590472221375,0.09536277502775192,0.14325085282325745,0.11461042612791061,0.1738739311695099,0.21139760315418243,0.16179853677749634,6778c548a539931ca51066c541d129a0.png
sett,0.15675188601016998,0.12275797873735428,0.14110924303531647,0.1286875307559967,0.1053968071937561,0.08192188292741776,0.2633746266365051,6831a477f8960230c70f0804db2ecfb2.png
sett,0.1620284616947174,0.11358066648244858,0.13079600036144257,0.13126106560230255,0.118563711643219,0.09707968682050705,0.24669042229652405,69b10a7e69445a9000a59a000f16afa0.jpg
paving_stones,0.12990665435791016,0.09515715390443802,0.16350901126861572,0.1016322523355484,0.12058629840612411,0.19744735956192017,0.19176122546195984,69f3673b029fd617a06dc68e7cf74a9a.png
paving_stones,0.12969772517681122,0.09402778744697571,0.1679183393716812,0.09668853133916855,0.11167310923337936,0.21040256321430206,0.18959197402000427,6a446b1c238559c4a8ba0ad3f242d523.png
sett,0.14355118572711945,0.10714609175920486,0.15624456107616425,0.12340600043535233,0.13701927661895752,0.142370343208313,0.190262570977211,6ad4b4e83a218ac0503d4a10cf886c71.png
paving_stones,0.1105697974562645,0.09478330612182617,0.13999703526496887,0.11019934713840485,0.15880520641803741,0.21758586168289185,0.16805940866470337,6cc63c232548f97e495e3a037d2b7f37.jpg
sett,0.14500105381011963,0.11148137599229813,0.1523478925228119,0.12224529683589935,0.12528929114341736,0.12729094922542572,0.21634416282176971,6df4e0959afa788f7f5f0d960a8364a6.png
paving_stones,0.13340844213962555,0.09571874886751175,0.17136509716510773,0.10655279457569122,0.1268208920955658,0.18631456792354584,0.1798195242881775,6e3bc2ac4653a77740e56628e316f4c6.png
ground,0.061917804181575775,0.12308237701654434,0.09162288904190063,0.16898341476917267,0.23413397371768951,0.19745266437530518,0.12280686944723129,6e863a90e95ed27ac28ae5defe289410.png
paving_stones,0.07693846523761749,0.14118419587612152,0.11793272197246552,0.17052140831947327,0.17840313911437988,0.18468838930130005,0.13033168017864227,6ef4a723932b33c90e422c88eece7009.png
sett,0.12781670689582825,0.09684792906045914,0.13208159804344177,0.11557941883802414,0.15011848509311676,0.16979210078716278,0.20776380598545074,6f700bee727f836500e7ca5e71ec6a35.jpg
sett,0.14803041517734528,0.10120756179094315,0.1705494076013565,0.11154278367757797,0.1100357174873352,0.15064646303653717,0.2079876959323883,6ff93ea537b6beef75c4cf73cf51b282.png
sett,0.1435507982969284,0.10227720439434052,0.15234121680259705,0.10695217549800873,0.099075086414814,0.14639416337013245,0.2494092881679535,711536568efc0ab680a49a38b13b3e15.png
sett,0.16753166913986206,0.0970909520983696,0.14881524443626404,0.10582371801137924,0.13811975717544556,0.14068098366260529,0.20193764567375183,720270b6c68c7a4949151a3d34c20f04.png
sett,0.15204724669456482,0.12210800498723984,0.13828375935554504,0.12893882393836975,0.10395152866840363,0.08178728818893433,0.2728833556175232,72c18a33cd6e7b53b5fa5d8b691f0cc9.png
sett,0.18198227882385254,0.12296882271766663,0.15325839817523956,0.1214602068066597,0.10304496437311172,0.0872887447476387,0.22999659180641174,7395af183386839c46cf2f46add2ac9e.png
sett,0.13829517364501953,0.10466591268777847,0.15875954926013947,0.12018837779760361,0.13770604133605957,0.15282709896564484,0.1875578612089157,73b6949bdc1cd16cae85a98313095b0c.png
asphalt,0.1874585747718811,0.15797123312950134,0.17446978390216827,0.14265227317810059,0.11824605613946915,0.10592123866081238,0.11328091472387314,763b78c99a7d3e0f6e3ec1952dc442af.png
concrete_plates,0.16123247146606445,0.10177581012248993,0.21283525228500366,0.10442395508289337,0.13465000689029694,0.13597698509693146,0.1491054892539978,763bfc2342163be2233b33fb8d09b42a.png
sett,0.14571242034435272,0.10125390440225601,0.16882523894309998,0.11252564191818237,0.11474517732858658,0.1496293842792511,0.20730826258659363,764177cf093aea99a7c48e009a6e26a7.png
sett,0.13461905717849731,0.10346831381320953,0.15677663683891296,0.12105882912874222,0.14380942285060883,0.15790139138698578,0.18236637115478516,76707228a65abb9d0f09846b483916c7.png
sett,0.1486889123916626,0.11520878225564957,0.15073375403881073,0.12425203621387482,0.10922230035066605,0.104842908680439,0.24705129861831665,773bf32501cdf92debc8262b3dc1406f.png
sett,0.1528395265340805,0.10954482853412628,0.14572963118553162,0.12579691410064697,0.12487159669399261,0.11450184881687164,0.22671569883823395,7a3e42de333c7c348df41327ec1a0cbd.png
ground,0.13565440475940704,0.1806349903345108,0.09490624070167542,0.1894456297159195,0.21734096109867096,0.09739377349615097,0.08462408185005188,7a8a8c895e760e7ebe04ee3d33a96111.png
sett,0.15533825755119324,0.11463863402605057,0.15885677933692932,0.12927576899528503,0.12437812238931656,0.12390659004449844,0.1936059445142746,7a937e31e7a87fa007759cf3d674aa35.png
sett,0.1650102734565735,0.12428164482116699,0.13883338868618011,0.1316731572151184,0.10750744491815567,0.07227247953414917,0.2604215443134308,7b01d1a2f6a081924f3a4d7f42510b9e.png
sett,0.1905524879693985,0.10641902685165405,0.16231489181518555,0.1130862608551979,0.1239558532834053,0.10366622358560562,0.20000523328781128,7c1223650d7a5d326f25d0c879cacb6e.png
ground,0.13794979453086853,0.18167807161808014,0.09363067150115967,0.18903924524784088,0.21663661301136017,0.0962299257516861,0.08483569324016571,7db80de5ea9cb64ff8853dbf08e70f3a.png
sett,0.12376280128955841,0.10140964388847351,0.15915265679359436,0.11632473021745682,0.14307178556919098,0.1761229932308197,0.180155411362648,7dc626e047c2ed24660557fcdd2c7cd8.png
sett,0.15904097259044647,0.11257042735815048,0.15528643131256104,0.1239924281835556,0.11760316044092178,0.11020966619253159,0.22129687666893005,7e3199ba1be75fad2bc3cdfe4ba004af.png
ground,0.06866021454334259,0.11291801929473877,0.10507464408874512,0.17270295321941376,0.22479060292243958,0.19882194697856903,0.11703160405158997,7eb3f3de4e4bfddfcf5a6b6777e7743e.png
paving_stones,0.13221925497055054,0.09477259963750839,0.16875559091567993,0.09709227085113525,0.11059653759002686,0.20674730837345123,0.1898164600133896,7ec3e63cb405f908e1978ab41d394c62.png
sett,0.13465933501720428,0.0965130552649498,0.16750170290470123,0.10371970385313034,0.1173926517367363,0.1846412569284439,0.19557234644889832,8034aaa50bfeb4651576d69ac6a04abc.png
sett,0.11999194324016571,0.1001867949962616,0.14475569128990173,0.12542782723903656,0.14642582833766937,0.16508688032627106,0.19812512397766113,80a647bf7dd1d56fa6fcded73523df3d.jpg
ground,0.1451108753681183,0.179572194814682,0.09766003489494324,0.1763727366924286,0.19707797467708588,0.11056957393884659,0.09363660216331482,83f1af1079ad429d65be2582a9f66553.png
paving_stones,0.12822067737579346,0.09651606529951096,0.15813139081001282,0.10740307718515396,0.131292462348938,0.19078834354877472,0.1876479983329773,840bec40a1d94fe9718e7a61d9814d1f.png
ground,0.12895630300045013,0.17530620098114014,0.09689421951770782,0.1921539157629013,0.224406898021698,0.10009059309959412,0.08219186961650848,87ab0d086321158379ef455a43e27372.png
ground,0.06261064112186432,0.12839269638061523,0.08982888609170914,0.16984307765960693,0.2412426471710205,0.17824988067150116,0.1298321932554245,87f39450f7a7e8987743e5c4ecd68561.png
sett,0.15376724302768707,0.11020797491073608,0.1381223052740097,0.12915940582752228,0.12543055415153503,0.10929702967405319,0.23401546478271484,8819d00eacf8dc69cee7548f5f295113.jpg
sett,0.12235511094331741,0.10035525262355804,0.15633930265903473,0.11339863389730453,0.13875620067119598,0.17833417654037476,0.19046124815940857,88c802c937dc217a4b193cb8fdd44c4a.png
sett,0.15028619766235352,0.12897783517837524,0.15743006765842438,0.15115927159786224,0.12884218990802765,0.10052632540464401,0.18277816474437714,8a4f37c8ec44411299c70840a835fb60.png
sett,0.11993274837732315,0.10193231701850891,0.1574300080537796,0.11905181407928467,0.14708442986011505,0.1751912385225296,0.1793774515390396,8a89e745e1efafa934f9fa5f41947c5e.jpg
sett,0.11288480460643768,0.10989441722631454,0.13733020424842834,0.13518957793712616,0.1639859825372696,0.16818399727344513,0.17253100872039795,8ada6540f1c5439c3f109644d6e72c50.png
asphalt,0.19180463254451752,0.15898725390434265,0.16016969084739685,0.14951512217521667,0.12395906448364258,0.10075071454048157,0.11481356620788574,8b6fcff9467327206c17be9d6a218d6d.png
sett,0.1516670137643814,0.11013084650039673,0.1539871245622635,0.12108005583286285,0.10500729829072952,0.11486732214689255,0.24326039850711823,8e293805e193c8188a76cb52d037d89d.png
sett,0.1511000692844391,0.1149698793888092,0.12527316808700562,0.12997926771640778,0.12331091612577438,0.09224610030651093,0.26312053203582764,8ece6fd2a5bfb92789f3600256d63815.png
asphalt,0.2142958641052246,0.16319867968559265,0.14813335239887238,0.1487644612789154,0.1234193667769432,0.0908215269446373,0.11136671900749207,8f0d13c5c9424ad27b935744783a63e8.png
ground,0.13895468413829803,0.18068379163742065,0.0989207848906517,0.19020991027355194,0.21377544105052948,0.09262362867593765,0.08483173698186874,8f3e80ea28f97ceac154d88a892add35.png
sett,0.14350451529026031,0.10732526332139969,0.15694423019886017,0.12241165339946747,0.13536056876182556,0.14225229620933533,0.19220145046710968,91142f2238a48e1c2c85b52272b03e8b.png
sett,0.11446023732423782,0.10083570331335068,0.1374385952949524,0.12671521306037903,0.15625368058681488,0.1629757583141327,0.2013208121061325,913240075102156dd74e509bb25b70d2.png
ground,0.14756444096565247,0.16960428655147552,0.10478489100933075,0.17358843982219696,0.1930040568113327,0.11792606860399246,0.09352783858776093,913dba779d19cb130e220b8b64824bb5.png
sett,0.13393612205982208,0.10358285903930664,0.14719761908054352,0.1318812370300293,0.14563386142253876,0.16063959896564484,0.1771286576986313,9221d9835adbb69ed18570b4c7ba51ec.png
ground,0.14586053788661957,0.18387281894683838,0.0946340411901474,0.18681186437606812,0.2085273414850235,0.09424083679914474,0.08605256676673889,926aae4f30ad3c5ac7a3399dfacb92f4.png
ground,0.1390722095966339,0.1823139488697052,0.09313111752271652,0.18813271820545197,0.21498839557170868,0.09701021015644073,0.08535134792327881,92bf4e05e96ac5a7ac42b14e7cf44e90.png
asphalt,0.19798544049263,0.15200543403625488,0.160817950963974,0.1449805349111557,0.1214996799826622,0.09944374859333038,0.12326725572347641,93086914ad9bfc1426852e3ab946eb0c.png
sett,0.16578954458236694,0.11371059715747833,0.11490719020366669,0.13604728877544403,0.13007675111293793,0.09199850261211395,0.24747008085250854,9503d87bd939659a7bb9b74e8fd83418.png
sett,0.13148640096187592,0.09504952281713486,0.16567368805408478,0.10148917883634567,0.1131453737616539,0.18931658565998077,0.2038392722606659,950a6dfd02de016c7e81cba92c5c091f.png
sett,0.15263497829437256,0.11996689438819885,0.1445264369249344,0.12700358033180237,0.09854423999786377,0.08374644070863724,0.27357739210128784,9575bd56215abc314289c6c7fee2d30a.png
asphalt,0.2455623745918274,0.10961227118968964,0.13631358742713928,0.1145915612578392,0.11190850287675858,0.10168377310037613,0.18032792210578918,957e4542989b6e912da869d674942037.png
ground,0.14505194127559662,0.181492418050766,0.09347790479660034,0.18075470626354218,0.20418915152549744,0.10458160191774368,0.09045229107141495,95c8ca13496e3e028f4251ec8fc490fa.png
asphalt,0.20115381479263306,0.16867676377296448,0.15152747929096222,0.15043488144874573,0.12133891135454178,0.09502403438091278,0.11184407025575638,964af12b92540526fb240422360fe2f8.png
sett,0.1534738540649414,0.11298669874668121,0.1469501107931137,0.12245272099971771,0.10336995124816895,0.10380693525075912,0.2569597363471985,965993ac1b88f56d9c011fd3760ade89.png
paving_stones,0.13187287747859955,0.09633646160364151,0.17047977447509766,0.10646474361419678,0.1253318041563034,0.1849343329668045,0.1845800131559372,96b731a6f78d2767d19e19d18b0cc13a.png
ground,0.09842194616794586,0.1478680670261383,0.08535493165254593,0.17663197219371796,0.25656646490097046,0.143424853682518,0.09173178672790527,9715b23a2a456a82eeb3d0b514f4c9b3.png
paving_stones,0.10851767659187317,0.09129299223423004,0.1596931517124176,0.09964662790298462,0.13766174018383026,0.23836170136928558,0.16482600569725037,9742a5d760fe361f15719ca65fb1d469.png
sett,0.14130721986293793,0.10366124659776688,0.1613319367170334,0.11759863793849945,0.12489289045333862,0.14319922029972076,0.20800882577896118,97f8c51ec6831dac01e68482779d7a45.png
asphalt,0.1954088807106018,0.15581290423870087,0.1724884957075119,0.1420593112707138,0.11258044838905334,0.09966006875038147,0.12198983132839203,9ab217ad019e2bd5677317f67e2e3e91.png
sett,0.1423245072364807,0.1178589016199112,0.15533988177776337,0.1268763691186905,0.11789283901453018,0.12002133578062057,0.2196861207485199,9ae76c365f5dc04e350756d805f9e9f5.png
sett,0.10264667123556137,0.11657873541116714,0.13332730531692505,0.1367526352405548,0.1595832258462906,0.16601775586605072,0.18509365618228912,9af4b458905b0d3ce00d53176b632c5d.jpg
asphalt,0.1832202970981598,0.13548853993415833,0.17805394530296326,0.1400841772556305,0.1134728193283081,0.09780081361532211,0.1518794298171997,9bc39aabb84798d75c184e17c6e33e27.png
paving_stones,0.12203993648290634,0.09633367508649826,0.1650269776582718,0.10838014632463455,0.13570205867290497,0.19332830607891083,0.17918886244297028,9bee4abe72cb47e2a432c0cd1a960530.png
ground,0.129033163189888,0.17572222650051117,0.09948119521141052,0.1916361302137375,0.2226312905550003,0.09883873909711838,0.08265725523233414,9d3d3ad21dde47bc5cc5428f12a945c6.png
ground,0.14014355838298798,0.17759747803211212,0.10208935290575027,0.18985635042190552,0.2058541625738144,0.09940525144338608,0.08505380153656006,9df5e73d76f8a531e11c7be689f4cd8e.jpeg
sett,0.1840318739414215,0.11459004133939743,0.14160846173763275,0.12428025901317596,0.10788989067077637,0.08709010481834412,0.24050931632518768,9f7ba4eb513fa8373c15ae645f388ec1.png
paving_stones,0.10968933999538422,0.10048963129520416,0.1507493406534195,0.11676222831010818,0.1518501490354538,0.19743959605693817,0.17301970720291138,9f879fc888caa748a7ea793fdb1eb63b.png
ground,0.1354943960905075,0.18093398213386536,0.09475291520357132,0.1896064728498459,0.21724945306777954,0.09704442322254181,0.08491836488246918,a19f308562a64986440747a1e6745e3c.png
sett,0.1282278299331665,0.10077888518571854,0.15854957699775696,0.11490453779697418,0.13633765280246735,0.1686755120754242,0.1925259828567505,a20e6a7201382c24ca1f5a4e3756fb62.png
grass,0.14020058512687683,0.13311442732810974,0.10991185903549194,0.19738870859146118,0.17854218184947968,0.12501563131809235,0.11582664400339127,a216dbf68a1e910810c7f448374e3dea.jpg
sett,0.1457912176847458,0.10329999774694443,0.16634473204612732,0.1155642494559288,0.11729694157838821,0.14111611247062683,0.21058674156665802,a388b63844fe549a3dee6dce77f1afde.png
sett,0.1354321390390396,0.10695246607065201,0.1509331613779068,0.12791338562965393,0.14482052624225616,0.14316189289093018,0.19078640639781952,a3a49d3cbbe0f65dbe639a6ec22c3f4f.png
sett,0.1395934820175171,0.10294121503829956,0.14950720965862274,0.11114894598722458,0.11089619994163513,0.14559969305992126,0.2403133064508438,a4bb52d833d68d223d1f416b7e66d477.png
sett,0.13279736042022705,0.09936051815748215,0.16528798639774323,0.11371244490146637,0.1346707046031952,0.16883854568004608,0.18533243238925934,a50be3cfde15c5bf5c79bd6393f41b67.png
paving_stones,0.12108702957630157,0.09695247560739517,0.16368520259857178,0.10804814845323563,0.13456200063228607,0.19235405325889587,0.18331103026866913,a51feea5007c3a53c77d62cb34cfd7cb.png
asphalt,0.20671571791172028,0.14404527842998505,0.16419458389282227,0.13645265996456146,0.11404966562986374,0.09563253819942474,0.13890963792800903,a6d8f7fff1d9bdcc8661a138774e01da.png
sett,0.13988865911960602,0.11431148648262024,0.14617697894573212,0.1249394342303276,0.13145019114017487,0.12690693140029907,0.21632632613182068,a701c6c39587ed2b1088fc62a72ef825.png
paving_stones,0.07747437804937363,0.1491689682006836,0.1195567399263382,0.17940568923950195,0.16527733206748962,0.18677394092082977,0.12234295904636383,a7e692a47cdeddcbb812901957799cc6.png
sett,0.14697407186031342,0.10909466445446014,0.15558163821697235,0.1237868070602417,0.13310366868972778,0.13072524964809418,0.20073390007019043,a912d0876e79878a8471de44a97e3960.png
sett,0.13751298189163208,0.1117696687579155,0.15458913147449493,0.12975509464740753,0.13312211632728577,0.1394844502210617,0.1937665492296219,a9bb79f0c60ebcfa18592f3248007f4a.png
sett,0.13997124135494232,0.10640367120504379,0.14717833697795868,0.12542687356472015,0.12812650203704834,0.12998585402965546,0.22290754318237305,aad13576653df8aee11a725068c1c42c.png
sett,0.13752418756484985,0.11100417375564575,0.15234744548797607,0.1265517920255661,0.14013798534870148,0.13647165894508362,0.19596277177333832,aae624ec3ff365f6910bcff0e8aeaca5.png
sett,0.1281478852033615,0.09641358256340027,0.1662573516368866,0.10572879761457443,0.12266205996274948,0.18438489735126495,0.19640542566776276,abc7eb440a069b08950da143e6835de2.png
sett,0.12146501988172531,0.09616997838020325,0.15387308597564697,0.10950387269258499,0.136112242937088,0.1850612610578537,0.197814479470253,ac660a984640c7bf4d29c3e92b0a7cdb.jpg
concrete_plates,0.15602342784404755,0.13217443227767944,0.18119484186172485,0.14519056677818298,0.11723501980304718,0.11339099705219269,0.1547907441854477,acfa474615deefac87b60258640e7d13.png
sett,0.12939782440662384,0.09724097698926926,0.16694249212741852,0.10834232717752457,0.12879590690135956,0.18207009136676788,0.18721044063568115,ad4a36153e813660b5e201c4e98d560d.png
sett,0.13302290439605713,0.09852726012468338,0.16761723160743713,0.11125108599662781,0.13183917105197906,0.17347584664821625,0.18426653742790222,ad64022941483bd58bd9f89d9d8ac624.png
sett,0.13455773890018463,0.10450813919305801,0.1579572856426239,0.12374737113714218,0.14794905483722687,0.15578724443912506,0.17549316585063934,ad9755ab4074b3d5d3d580153d5c429c.png
sett,0.11961517482995987,0.10778021067380905,0.1457194983959198,0.12437377870082855,0.1479782611131668,0.16391922533512115,0.19061388075351715,aeada43f58db16776c16d28c54683592.png
asphalt,0.19902357459068298,0.17335635423660278,0.15044109523296356,0.15224990248680115,0.12237661331892014,0.09375260770320892,0.10879984498023987,afe0c12be287bbe4b103c3de61d2dd91.png
sett,0.14456430077552795,0.12550437450408936,0.132902592420578,0.14316745102405548,0.13134883344173431,0.081330806016922,0.24118168652057648,b013fa6f5c16de4541a151db76a8bfbe.png
ground,0.06415773928165436,0.1442991942167282,0.10027175396680832,0.19292280077934265,0.22910234332084656,0.1584669053554535,0.11077933013439178,b0787542ea84e36d6a8a0125bc566f45.png
sett,0.15779227018356323,0.12701082229614258,0.13693222403526306,0.13380557298660278,0.11199503391981125,0.07189296185970306,0.260571151971817,b15f2b74c19fdb1fcfe4cd9a2de72e9a.png
sett,0.11983904987573624,0.1341366171836853,0.12974631786346436,0.13979826867580414,0.13116711378097534,0.10284438729286194,0.24246825277805328,b1ecb8df7012144f6afc62e2542447df.png
sett,0.14694078266620636,0.10641182214021683,0.16076940298080444,0.11706456542015076,0.10889226943254471,0.12835276126861572,0.23156845569610596,b2ac861b23be486180dbe124ae7a66a2.png
sett,0.18313205242156982,0.09810854494571686,0.1470729261636734,0.11959143728017807,0.12381427735090256,0.10887491703033447,0.2194058746099472,b322f32f88f533637ac37b4153653903.png
sett,0.14811170101165771,0.10780063271522522,0.15280547738075256,0.12166715413331985,0.11250290274620056,0.11837352812290192,0.23873862624168396,b383e8e1324d7fc7c45d0ec7abb82956.png
concrete,0.1584525853395462,0.18472442030906677,0.1098477840423584,0.17596109211444855,0.17662350833415985,0.09898161888122559,0.09540902078151703,b3f7e54b139da5c80f47906ebd07c916.png
ground,0.08662168681621552,0.13366581499576569,0.08157823234796524,0.16989140212535858,0.26501792669296265,0.16451261937618256,0.09871231019496918,b4bd1680885551754026013dfce3eeb5.png
sett,0.13359743356704712,0.09834729135036469,0.13600407540798187,0.13161060214042664,0.14308573305606842,0.14748702943325043,0.20986787974834442,b6fab55c378729a8d2ce61bfedeb661f.png
sett,0.13156935572624207,0.10101436823606491,0.1473948210477829,0.11744952201843262,0.15146204829216003,0.17312170565128326,0.177988201379776,b7915fa87ebcad5fd52146dd99c8df54.png
sett,0.13299904763698578,0.09973248094320297,0.16513583064079285,0.11379274725914001,0.13554911315441132,0.16842471063137054,0.18436609208583832,b84ca75fd505e3812fb1dbbf56adf022.png
paving_stones,0.07984336465597153,0.10384150594472885,0.11342603713274002,0.13385990262031555,0.19854681193828583,0.21846553683280945,0.15201684832572937,b85b9b3a66216e41f56d0debccf9260b.png
sett,0.15081748366355896,0.10437122732400894,0.1536431461572647,0.10750762373209,0.09570474177598953,0.14394329488277435,0.24401241540908813,b9ff05d19c6b46e85c0aa53e35b3fab8.png
paving_stones,0.07975427061319351,0.0954781174659729,0.12246239930391312,0.13829895853996277,0.1821102350950241,0.21154847741127014,0.17034760117530823,ba0690a6571e51d33b4aa63fc4dcb001.png
sett,0.1398555189371109,0.10603240877389908,0.15991006791591644,0.11688963323831558,0.11933470517396927,0.1385831981897354,0.2193945348262787,ba7fa5f570b42d1faf9eac91a93ada68.png
sett,0.15518473088741302,0.12390834838151932,0.14290139079093933,0.12913605570793152,0.09574771672487259,0.07313299179077148,0.27998873591423035,ba8da9dcda1f1e9d43edc4bd7cf643d2.png
sett,0.13278234004974365,0.10153432935476303,0.13710927963256836,0.12172076106071472,0.15153761208057404,0.14442019164562225,0.21089544892311096,bb4407884bc24e0f57401e5e0030e02a.png
sett,0.1302843987941742,0.10078246146440506,0.16321010887622833,0.1138291135430336,0.13289111852645874,0.16813381016254425,0.19086900353431702,bb6837ecda21c2a0127cd37b4bfb2001.png
sett,0.14955611526966095,0.10545478016138077,0.16346360743045807,0.11785219609737396,0.11585982143878937,0.13038945198059082,0.21742400527000427,bcd09bb6d1e4e599be36a244549dd9bd.png
grass,0.1364297717809677,0.1341424286365509,0.1373172104358673,0.20362722873687744,0.17282995581626892,0.1323423832654953,0.08331110328435898,bd32cba0423451d36cd5dee01f677f7e.jpg
sett,0.13057202100753784,0.09689274430274963,0.141956627368927,0.11572210490703583,0.14140111207962036,0.17020629346370697,0.20324908196926117,bdd7b9051c69c6be1775801ddefac82f.png
sett,0.13322767615318298,0.09937400370836258,0.16047163307666779,0.11231780052185059,0.1294454038143158,0.1697404533624649,0.1954229772090912,be21de7b26d42f4be76d6e1b473410be.png
sett,0.15624824166297913,0.1084851548075676,0.15665729343891144,0.12161127477884293,0.1168704405426979,0.11742988973855972,0.22269763052463531,be6646f99c33c0ed71800862dea4df3c.png
sett,0.15456622838974,0.12196677178144455,0.1398973912000656,0.12769284844398499,0.10063639283180237,0.07882647961378098,0.2764138877391815,c02fdb020b05ff6e016e5ae00bfde95a.png
ground,0.13036508858203888,0.17484702169895172,0.10284244269132614,0.19143542647361755,0.22069327533245087,0.09716872870922089,0.08264800161123276,c072e4e49c5c8227466e5b55cf7a0953.png
sett,0.16065441071987152,0.1015530377626419,0.14699453115463257,0.11116114258766174,0.16169080138206482,0.14112432301044464,0.17682181298732758,c33c5ae9cd2cb8dda0a7320978a201fe.png
asphalt,0.23241941630840302,0.10305547714233398,0.11962269991636276,0.11821974813938141,0.14569629728794098,0.10594487935304642,0.17504140734672546,c3758d53d195f6689199192cf57e8ca5.png
sett,0.10785862058401108,0.09510787576436996,0.1303866058588028,0.11785414069890976,0.1713763028383255,0.180301696062088,0.19711479544639587,c3e1b5f05f0a024c144726a2e710a4a9.jpg
sett,0.16141434013843536,0.10949456691741943,0.15502455830574036,0.12240612506866455,0.11382948607206345,0.11082910746335983,0.22700180113315582,c42b3a66f533ada4eeafc5b8b49d1698.png
sett,0.1332961916923523,0.09711834788322449,0.16696476936340332,0.10591763257980347,0.11722560226917267,0.17883294820785522,0.20064453780651093,c5a173ce4438343b1fe97fedd64b3e92.png
paving_stones,0.13917823135852814,0.09386911988258362,0.15591439604759216,0.12928885221481323,0.15183255076408386,0.19165770709514618,0.13825921714305878,c6abc2c940a57a5c5c37c42ac6f1bdb8.png
ground,0.12880563735961914,0.1780916303396225,0.09273432195186615,0.1884264200925827,0.22101949155330658,0.10511787235736847,0.08580463379621506,c6c58ec77e6d041c52099151b42b772e.png
sett,0.14663539826869965,0.10781506448984146,0.15222953259944916,0.11655891686677933,0.1013089120388031,0.1201498806476593,0.2553023099899292,c74626b786bf61202adc76b589db8708.png
sett,0.14300163090229034,0.11701996624469757,0.1596301645040512,0.1227194219827652,0.11686870455741882,0.1252012550830841,0.21555887162685394,c8277b1303a4129a43f5d4dd6b1fe47a.png
ground,0.1309315264225006,0.1749850958585739,0.10392210632562637,0.1911897212266922,0.21977362036705017,0.09665070474147797,0.08254726231098175,c8ec326b3efa441603e6fe1c2e3829c6.png
sett,0.1430913507938385,0.10354115813970566,0.15867894887924194,0.11806529015302658,0.12441495060920715,0.1441737860441208,0.20803453028202057,c8fd7b3ab6d51a1adf005ea90ff7d2c7.png
sett,0.18199437856674194,0.11619561910629272,0.1320885568857193,0.1374763548374176,0.11446043848991394,0.08175068348646164,0.23603403568267822,cace40a3ae297c4b89d0f8eff72d1298.png
sett,0.12909077107906342,0.09482979774475098,0.13043749332427979,0.12115932255983353,0.15938004851341248,0.15703825652599335,0.20806428790092468,cb2aa213648a9ebe114e4510570dc392.png
sett,0.12805208563804626,0.09833703935146332,0.15735293924808502,0.11102733016014099,0.13532665371894836,0.1754399687051773,0.19446399807929993,cc0527d68a7429e483f7e15c8a5b2a6d.png
sett,0.1573864221572876,0.11902041733264923,0.11269938945770264,0.1507788747549057,0.1275337189435959,0.10258319973945618,0.22999800741672516,ccff8fc57533b96b2ef78a542d9aec9a.png
sett,0.17453134059906006,0.11320418864488602,0.16235662996768951,0.1250319927930832,0.10382264107465744,0.10127542167901993,0.21977771818637848,cdea4a866160a7b5d0afd23516c009ce.png
grass,0.12015296518802643,0.13302098214626312,0.11638998985290527,0.20040008425712585,0.17979377508163452,0.13288749754428864,0.11735463887453079,ce001f5a0d262a759ecb1dd680aabd66.png
ground,0.06219440698623657,0.10815849900245667,0.12505574524402618,0.16324006021022797,0.2106371521949768,0.1950717270374298,0.1356423795223236,cfca6c815a150f5496485b94a86169b7.png
sett,0.15284626185894012,0.11066610366106033,0.12074132263660431,0.13467901945114136,0.12997967004776,0.11543097347021103,0.23565666377544403,d02d5dec5222b5b7100967409b631843.jpg
sett,0.15499886870384216,0.1218690276145935,0.1424410343170166,0.1275884360074997,0.10171478241682053,0.08203089237213135,0.26935699582099915,d0e37b2b2d12175dfb87e1a81625d556.png
sett,0.11999194324016571,0.1001867949962616,0.14475569128990173,0.12542782723903656,0.14642582833766937,0.16508688032627106,0.19812512397766113,d180ad53a2fdec371cdffe18be2352db.jpg
sett,0.1701708883047104,0.1274840235710144,0.1590166836977005,0.13373826444149017,0.1081661656498909,0.09277503192424774,0.2086489349603653,d2b9ed66703c5963f8cad29936294b06.png
concrete,0.16146601736545563,0.18615037202835083,0.11190294474363327,0.17406533658504486,0.16936670243740082,0.10037614405155182,0.09667245298624039,d3459438f59ed0ab64437e87c04c9e21.png
sett,0.12531279027462006,0.09958886355161667,0.1565142422914505,0.11267650127410889,0.13209612667560577,0.1735551655292511,0.20025627315044403,d3aa29f47b13f59db083d0713829535a.png
ground,0.1255064159631729,0.17616264522075653,0.09283728152513504,0.19113858044147491,0.22707189619541168,0.10373276472091675,0.08355040848255157,d43afb77da91df8683e3cf8b392156d6.png
ground,0.1256367713212967,0.17710094153881073,0.09217396378517151,0.1899612545967102,0.22296138107776642,0.10579938441514969,0.08636634051799774,d4e93654ed6446b35e11f3d5664e3224.png
concrete,0.1752079278230667,0.18622559309005737,0.11735936254262924,0.17284822463989258,0.1596168875694275,0.09106829017400742,0.09767375141382217,d5ccac714560f0e44d7e0e91fac0a484.png
ground,0.11421617865562439,0.17432080209255219,0.088680699467659,0.18877676129341125,0.2339913547039032,0.11298179626464844,0.08703241497278214,d60e90977b7e5f2b26d61469d99c2e48.png
sett,0.13596558570861816,0.10105769336223602,0.1650717705488205,0.1151580810546875,0.13523365557193756,0.16218355298042297,0.1853296309709549,d62eab70b4b30ba1b545f6ab33a112d5.png
ground,0.1290484070777893,0.1797894686460495,0.09496133774518967,0.19023194909095764,0.2183813601732254,0.10093799978494644,0.08664949983358383,d6334dbd2260cd9d7f0bd00c7e0f2f4d.png
sett,0.13595198094844818,0.09977516531944275,0.15993595123291016,0.10944288223981857,0.11671585589647293,0.16313225030899048,0.21504592895507812,d8a6703d4128a98dcb4818bbc9162311.png
sett,0.12310940772294998,0.10731998831033707,0.14744679629802704,0.12655480206012726,0.1432124823331833,0.1449880450963974,0.20736853778362274,d90836dba07a4fd7ea3ea10321abc5b4.png
concrete,0.16847677528858185,0.18240806460380554,0.12419192492961884,0.16812710464000702,0.15531976521015167,0.10211991518735886,0.09935642033815384,da78fce3e01496be21fb451464d1231a.png
sett,0.13583491742610931,0.09564146399497986,0.1686989963054657,0.0991814061999321,0.10862576216459274,0.19456832110881805,0.19744913280010223,dcb2001eff21dcb2621921d66db84f11.png
asphalt,0.203440323472023,0.09877485036849976,0.1729671061038971,0.10719406604766846,0.12795467674732208,0.12182587385177612,0.16784313321113586,dcb6a060cfdebcc3ebc3ea90269a9104.png
asphalt,0.18425773084163666,0.10431303083896637,0.13760361075401306,0.12329231202602386,0.17799322307109833,0.10624879598617554,0.16629131138324738,dd44cd4dd2f000995dce68a61a5b84f4.png
concrete_plates,0.1686035841703415,0.13778537511825562,0.19449976086616516,0.13210096955299377,0.11831255257129669,0.1160750612616539,0.13262276351451874,df5518fe3768fc3b4b46cba26551da52.png
asphalt,0.20708157122135162,0.16079562902450562,0.16231219470500946,0.14246155321598053,0.11272481083869934,0.09700188785791397,0.11762227863073349,df8ce502a3e9a9854d2a39d0f3a18b97.png
sett,0.11852730810642242,0.10687972605228424,0.150689497590065,0.12441790848970413,0.15405982732772827,0.1645350456237793,0.18089069426059723,df96101441ad98aa88cdc6ae36ceb067.png
concrete_plates,0.17723879218101501,0.14854423701763153,0.18996034562587738,0.13157835602760315,0.11362998187541962,0.1230555847287178,0.11599275469779968,dfdf00926a2aba974c2c67131521695f.png
sett,0.13253074884414673,0.09589492529630661,0.1653737872838974,0.1032603457570076,0.11989198625087738,0.1895061731338501,0.1935419738292694,e139d098964ef6029fc41d0c8a63aa01.jpg
ground,0.1457965224981308,0.18368522822856903,0.09466900676488876,0.18705594539642334,0.20923884212970734,0.0936216339468956,0.08593279868364334,e2cd12beaf2f625b7e32ad8c29219dc4.png
sett,0.15052451193332672,0.10295013338327408,0.16860288381576538,0.11497274041175842,0.111997090280056,0.13924948871135712,0.2117031067609787,e5b415436857c310f4fa5e453fc5dd22.png
ground,0.1427103728055954,0.18223422765731812,0.09660764038562775,0.18911060690879822,0.21207301318645477,0.09226340800523758,0.08500067889690399,e6a907ef5b236caa432748e26b4998ec.png
concrete,0.15838435292243958,0.1704046130180359,0.13839858770370483,0.1678532063961029,0.1544787585735321,0.10796567797660828,0.1025148332118988,e6e43565eb6b3a0b434d8101820a3b13.png
ground,0.1800636202096939,0.10286375880241394,0.1228894591331482,0.1192450299859047,0.1945440024137497,0.1381196826696396,0.1422744244337082,e76ab3a3ad7ac6d7bec1aae7af1bd433.png
ground,0.12316242605447769,0.17177310585975647,0.09618553519248962,0.19320127367973328,0.23156850039958954,0.10195185989141464,0.08215721696615219,e80d62142a4c0bf8a0406e656fbb31fa.png
sett,0.13344216346740723,0.10095269232988358,0.1573941856622696,0.11302699148654938,0.12991635501384735,0.16718634963035583,0.19808121025562286,e98c499881c94455d0fe276338cdc6e0.png
sett,0.14236043393611908,0.10031373798847198,0.16818633675575256,0.11039379984140396,0.11438404768705368,0.15720392763614655,0.20715771615505219,e9e9f2b71a395b222649d13e9ac53295.png
asphalt,0.2248172014951706,0.10249076038599014,0.12186407297849655,0.11909854412078857,0.1618851274251938,0.11275608092546463,0.15708817541599274,ea527b34854de61e6f36daba0e87e028.png
asphalt,0.20693443715572357,0.16185924410820007,0.16052314639091492,0.14331799745559692,0.1121249869465828,0.09747999906539917,0.11776023358106613,eb4f3a928c70f53f0dfa09417e5838f8.png
sett,0.1454295814037323,0.12435244768857956,0.14619563519954681,0.13049666583538055,0.11751154065132141,0.08119233697652817,0.25482186675071716,ebfe495c414c93e8fa2c6668db2d1307.png
ground,0.1527734249830246,0.18539519608020782,0.09681869298219681,0.1824163794517517,0.19805708527565002,0.09634283185005188,0.08819640427827835,ed7d5a51c9f45900c63ce9b758b2378c.png
sett,0.15284626185894012,0.11066610366106033,0.12074132263660431,0.13467901945114136,0.12997967004776,0.11543097347021103,0.23565666377544403,ee506e6b3f8087ad7f730dbd59ba3219.jpg
sett,0.15613499283790588,0.1140596866607666,0.15345652401447296,0.12924900650978088,0.12795278429985046,0.11337687820196152,0.20577017962932587,ee98a3319b0defaab2bd5f78321860fe.png
ground,0.1316453069448471,0.17559714615345,0.10400169342756271,0.1914278268814087,0.2190181016921997,0.09502020478248596,0.083289735019207,efc3a29edcde37cc732540c6eb5c7392.png
asphalt,0.1811790019273758,0.16947002708911896,0.1015005111694336,0.16866500675678253,0.180982768535614,0.10380315035581589,0.09439956396818161,f02b060f347c183d4349b21708bebf00.png
ground,0.09980162978172302,0.1346398890018463,0.08402977138757706,0.16237784922122955,0.2450794279575348,0.1709979772567749,0.10307343304157257,f03b80ef98b458c0ef9a87c662b234c2.png
sett,0.13869887590408325,0.10350916534662247,0.16316556930541992,0.11442504823207855,0.11822560429573059,0.14631766080856323,0.215658038854599,f06af1e44d94164027bf1deffb01a3f4.png
asphalt,0.17978325486183167,0.13266491889953613,0.15659624338150024,0.14565539360046387,0.1413905769586563,0.11249272525310516,0.1314169019460678,f0b963f89ad8d9ef5a22be700dbc738c.png
sett,0.10355118662118912,0.1067618578672409,0.13701389729976654,0.14451351761817932,0.14473174512386322,0.1568194031715393,0.2066083550453186,f1427a2b1e5504e82d8f561eef43780d.png
sett,0.13482309877872467,0.10387861728668213,0.16229328513145447,0.12006843090057373,0.14221961796283722,0.15868733823299408,0.1780296266078949,f1cb4cf2a5da050edec246bd7382e794.png
sett,0.10317520052194595,0.1184023916721344,0.11836211383342743,0.1590345799922943,0.16350272297859192,0.15198259055614471,0.18554043769836426,f23242a3ec2108009d5291eb40bd1cae.png
paving_stones,0.08083785325288773,0.1059219092130661,0.103431336581707,0.16116227209568024,0.18951281905174255,0.20459423959255219,0.1545395851135254,f2b8a739475562945edfa35e139d2e02.png
sett,0.13799816370010376,0.11356664448976517,0.15972279012203217,0.1294315904378891,0.14024393260478973,0.13216543197631836,0.1868714988231659,f439ddaf0f20ee9f23ee9eb786eb4ec0.png
ground,0.09454245865345001,0.15148857235908508,0.08308950811624527,0.1701621115207672,0.24599726498126984,0.15309083461761475,0.10162932425737381,f94c73d78b90b8f21e03d921ffb7825f.png
sett,0.14314314723014832,0.1114153042435646,0.16035622358322144,0.12686364352703094,0.1294117122888565,0.1262696385383606,0.202540323138237,f9b78db70cc4a12590fcdaafe7886b4e.png
sett,0.13186600804328918,0.10014183819293976,0.16436699032783508,0.11497770994901657,0.1381043642759323,0.16958816349506378,0.18095484375953674,fa2e2e95f9d43a25855590177107c11d.png
paving_stones,0.13595087826251984,0.09626323729753494,0.16800522804260254,0.09827417135238647,0.110586017370224,0.2033448964357376,0.1875755339860916,fb3d730dd7fed426faeccd70a742476f.png
sett,0.14907652139663696,0.10828661173582077,0.1549709141254425,0.12055050581693649,0.11874640733003616,0.12596894800662994,0.22240012884140015,fc5ae50c793892c30b0c7c9dd3042f8b.png
ground,0.12433799356222153,0.1763523519039154,0.09955237805843353,0.17832554876804352,0.19971232116222382,0.12351910769939423,0.09820027649402618,fdb513054fbe9060373cb9ba98def8b7.png
paving_stones,0.071016326546669,0.10818760842084885,0.1347002387046814,0.16620980203151703,0.18276551365852356,0.18302129209041595,0.154099240899086,fefe0b8ce34118a31559f138cb1f1c05.png
ground,0.11883272975683212,0.17512981593608856,0.09358830004930496,0.18800601363182068,0.22207695245742798,0.11351548135280609,0.08885069191455841,ffa1aa803bd52762fa6605369114168f.png
